{
  "capability_scores": {
    "0.0": 0.0,
    "0.5": 0.0,
    "1.0": 0.0,
    "2.0": 0.0,
    "3.0": 0.0,
    "5.0": 0.0
  },
  "bias_direction_alpha_0.5": [
    0.0,
    -0.07760292420718526,
    -0.0780099859608356,
    -0.13952325222551024,
    0.09337747535441157,
    -0.6428208598814941,
    -0.39220068451844553,
    -0.06646356188394158,
    -0.042799016850709394,
    -0.27583724764459633,
    -0.22447842028983694,
    -0.15800444634624214,
    -1.1091873338717388,
    -2.8143975299386432,
    -2.32615604220826,
    -2.732950164560153,
    -2.0886051948886344,
    -1.9192273158737687,
    -1.5420701639056635,
    -1.4765776479613026,
    -1.3736718116246553,
    -1.2984923750047983,
    -1.1278845954635863,
    -0.6722441000323638,
    -0.5491916451943009,
    -0.4834816361784931,
    -0.45929478595107476,
    -0.40502336314903575,
    -0.4645078898493038,
    -0.5023751349739184,
    -0.43917158385701993,
    -0.43541582889618746,
    -0.3815718733166573
  ],
  "bias_direction_alpha_1.0": [
    0.0,
    -0.07760292420718526,
    -0.07806297415069156,
    -0.13623318388449687,
    0.07982102760478789,
    -0.658089308391865,
    -0.4299003272576611,
    -0.1259694832695601,
    -0.10789136446166943,
    -0.30255218444670007,
    -0.2231497642067531,
    -0.1477724755968577,
    -1.068837443227034,
    -2.5571546546152772,
    -2.182670180476552,
    -1.7874880222585339,
    -1.7095838820711973,
    -1.5688243197935072,
    -1.1733362834909715,
    -1.0306131443762587,
    -0.8374362954468143,
    -0.7009064860430719,
    -0.5914355536759046,
    -0.539312314084809,
    -0.4463329287204754,
    -0.36136616757832896,
    -0.29924757561792054,
    -0.23558188843091016,
    -0.21075157946235318,
    -0.18566221564080151,
    -0.1571714586384787,
    -0.12733329890951559,
    -0.12289892988509173
  ],
  "bias_direction_alpha_2.0": [
    0.0,
    -0.07760292420718526,
    -0.07863967196900327,
    -0.1323311614700285,
    0.06257760140080766,
    -0.6843426126056997,
    -0.4967493862719568,
    -0.24620873133762,
    -0.23207845424528842,
    -0.3587883083809846,
    -0.24421353463649248,
    -0.2240234999136085,
    -0.8186408455797143,
    -1.4536172413482227,
    -1.3179794441966628,
    -0.7852402279323618,
    -0.7459620905695333,
    -0.5528977428974569,
    -0.4322612289789264,
    -0.31471314743925083,
    -0.22063554654293008,
    -0.18047198217039204,
    -0.14892920772962773,
    -0.11682131285408728,
    -0.08969489786746801,
    -0.07424133360129836,
    -0.05936199392469481,
    -0.048509786608367356,
    -0.04055223668661834,
    -0.03589857661524558,
    -0.03180900987707722,
    -0.020743164511814904,
    -0.015251004234728272
  ],
  "bias_direction_alpha_3.0": [
    0.0,
    -0.07760292420718526,
    -0.07869895837550205,
    -0.12676402872543102,
    0.041367896434674735,
    -0.7103370710044464,
    -0.550183168129783,
    -0.3421790749427712,
    -0.34731508087436647,
    -0.4263474659663832,
    -0.34998141165613567,
    -0.32149331822000227,
    -0.48393105544274595,
    -0.39154046984904056,
    -0.3196690103116048,
    -0.21644829043386196,
    -0.11528716760537402,
    -0.04089843162198523,
    -0.016397037410379324,
    -0.0053295370798636995,
    0.00014780847753907976,
    -0.005652628911984525,
    -0.008811497912900545,
    -0.007681280981511151,
    -0.0047989276051955574,
    -0.004975740393852157,
    -0.003963497343201538,
    -0.0025890141924250765,
    -0.0020455792942620453,
    -0.0028929089215326666,
    -0.0030916742273981446,
    0.00028722145498627505,
    0.0025418885857790173
  ],
  "bias_direction_alpha_5.0": [
    0.0,
    -0.07760292420718526,
    -0.07901836146846115,
    -0.12126842906658544,
    -0.0005616429557212754,
    -0.7546117982065219,
    -0.6315570546761492,
    -0.47299806283353796,
    -0.5060933938038155,
    -0.5634890517703706,
    -0.6123257967367766,
    -0.5194790593696219,
    -0.3899816646491249,
    -0.21759573141584995,
    -0.10663225134267984,
    -0.09436911047923786,
    -0.058083498021593225,
    -0.03766702022851724,
    -0.023037430862299545,
    -0.015967759505669997,
    -0.009816560659574503,
    -0.009502397023048937,
    -0.008771909497231167,
    -0.007286363298668286,
    -0.006052636054154648,
    -0.0058764414122131955,
    -0.005297756756358235,
    -0.005005377917116504,
    -0.003941991195833866,
    -0.0035792969480276495,
    -0.003290932482771436,
    -0.0025889011999636223,
    -0.0021746667308622375
  ],
  "bias_direction_alpha_0": [
    0.0,
    -0.07760292420718526,
    -0.07762838570232944,
    -0.13875337518194195,
    0.10138455837429525,
    -0.6266638369937979,
    -0.3529725754602122,
    -0.0007096568046648599,
    0.023006858503499927,
    -0.24222819242163068,
    -0.20288452891808326,
    -0.20193523229193353,
    -1.077734201714715,
    -2.7630502783065474,
    -2.27244129856631,
    -2.9314372689956216,
    -1.682100398868958,
    -1.3895561477339968,
    -1.3228004788980101,
    -1.3304400450698228,
    -0.9714865595599292,
    -1.378872573269448,
    -1.1602112797385467,
    -0.827153683769352,
    -0.7573006759057904,
    -0.7892895644863728,
    -1.0033607603647106,
    -1.131909249802094,
    -1.1051850776055772,
    -0.9434760212888506,
    -1.0288426160196853,
    -1.128045323755353,
    -1.586081130808911
  ]
}