{
  "capability_scores": {
    "0.0": 0.8,
    "0.5": 1.0,
    "1.0": 0.2,
    "2.0": 0.0,
    "3.0": 0.0,
    "5.0": 0.0
  },
  "bias_direction_alpha_0.5": [
    0.0,
    -0.2224334788732291,
    -0.3717985383500032,
    -0.3885418250424294,
    0.040981951483550286,
    -0.026841911706656417,
    -0.6598879599541764,
    -0.7711219483308926,
    -0.7074641322916999,
    -1.2018779265923012,
    -1.800829417038636,
    -2.0883601091105697,
    -2.207341808480666,
    -2.035505751230425,
    -2.062865160885861,
    -2.1707514512827784,
    -1.613053009185655,
    -0.6075348369494371,
    -0.29361427049604105,
    0.2070119693211218,
    -0.003199001563195125,
    0.39957465620924604,
    0.6417237787653839,
    0.7202768203179041,
    0.6736616917237488,
    0.6502730874954903,
    0.6689015559248492,
    0.5392776058761222,
    0.4859785092106318,
    0.3323597928323981,
    0.2799322550732473,
    0.07984893190125,
    -0.12755958811785034
  ],
  "bias_direction_alpha_1.0": [
    0.0,
    -0.2224334788732291,
    -0.37158256609960094,
    -0.39421116789847427,
    0.027530632942173484,
    -0.03735984466216831,
    -0.6896922552358753,
    -0.8568161638082603,
    -0.7831878967846709,
    -1.2482769474097761,
    -1.6829389828919836,
    -1.9291482004800298,
    -2.103300941232843,
    -1.916827309400573,
    -1.9632684625189103,
    -1.6761158767064679,
    -1.3359232304636062,
    -0.6122098906375204,
    -0.3427857078740555,
    0.16294816265337636,
    0.2213320866975721,
    0.30502754900024664,
    0.4095054141295565,
    0.45505813287480484,
    0.38922711246740016,
    0.3216184142989791,
    0.32750984482364737,
    0.29367390754261236,
    0.28006006558485463,
    0.2424511617690376,
    0.1596062599096358,
    0.06605196967226093,
    -0.01414779740790717
  ],
  "bias_direction_alpha_2.0": [
    0.0,
    -0.2224334788732291,
    -0.370943695469108,
    -0.38014058900885284,
    0.02255352973621232,
    -0.045877303930819305,
    -0.7241721145238411,
    -0.9706264470016311,
    -0.8533004866993021,
    -1.2056918020186316,
    -1.32646034333597,
    -1.5302817972804121,
    -1.587338920773545,
    -1.5134467965553973,
    -1.3732247471877304,
    -1.1006163622424276,
    -0.9816470671189179,
    -0.6949089054131665,
    -0.49954438560815895,
    -0.25011144828097737,
    -0.16375657621637166,
    -0.10692393868184427,
    -0.08647413488202985,
    -0.08366575286644862,
    -0.08258047731526146,
    -0.06212778425128738,
    -0.046813464304438,
    -0.038884873001988576,
    -0.03028717327405488,
    -0.026111563902263813,
    -0.03011327206755112,
    -0.026206091676910726,
    -0.04887827798650109
  ],
  "bias_direction_alpha_3.0": [
    0.0,
    -0.2224334788732291,
    -0.37052454365662424,
    -0.3797752539771201,
    0.0027644503759638893,
    -0.07118422251996126,
    -0.7398333303740149,
    -1.0070807701858056,
    -0.8504321867031148,
    -1.0711567633238253,
    -1.0192388289300554,
    -1.173771858211863,
    -1.117307039015134,
    -1.0574180633356078,
    -0.8215688571039305,
    -0.607048138127812,
    -0.43755440799216866,
    -0.30269659878691524,
    -0.27727701453781134,
    -0.19590058487685374,
    -0.15756431341853466,
    -0.12168437343679331,
    -0.09664383790748254,
    -0.08587123266212257,
    -0.07241983411713646,
    -0.05456291664472166,
    -0.04585050028564717,
    -0.040021775541462266,
    -0.03551173464522326,
    -0.03235186130134695,
    -0.03065574141009897,
    -0.02694018477206117,
    -0.03390018040881402
  ],
  "bias_direction_alpha_5.0": [
    0.0,
    -0.2224334788732291,
    -0.36890563383061153,
    -0.3700732770390001,
    -0.03135098340543045,
    -0.11742236428631472,
    -0.7008693801369485,
    -0.8967765865530565,
    -0.7110504436626908,
    -0.715500806370334,
    -0.5700089929750917,
    -0.5001852933663753,
    -0.3626648861844674,
    -0.1925770652456004,
    -0.15257309919644207,
    -0.09663414886698991,
    -0.05693141032546367,
    -0.04588844730127191,
    -0.05048038866437343,
    -0.049484918632843544,
    -0.04196358470575716,
    -0.03310605184133138,
    -0.028744454815793997,
    -0.024318900143817344,
    -0.019622888650089754,
    -0.015959242229136382,
    -0.014152819819404704,
    -0.011784192246648461,
    -0.0100600282253215,
    -0.00908236285582401,
    -0.007850057388045423,
    -0.007335437622260655,
    -0.008808285489910639
  ],
  "bias_direction_alpha_0": [
    0.0,
    -0.2224334788732291,
    -0.3719655629399992,
    -0.3930116445824689,
    0.044308035417648384,
    -0.02624996837718161,
    -0.6311517495129383,
    -0.6802709177653291,
    -0.6064694300890846,
    -1.0965267246359574,
    -1.810779479050098,
    -2.1412134246731904,
    -2.13974654280402,
    -2.027164962383879,
    -1.8090575107710893,
    -1.7908303349111179,
    -1.2379271532797396,
    0.15137435471060492,
    0.731074442799547,
    1.356630071745266,
    0.8035693245271954,
    1.1347554245392506,
    0.8751028895121383,
    0.9556157181219291,
    1.2299380550244083,
    1.359228564891725,
    1.2819954818787267,
    1.1702053314309029,
    1.4211184622329534,
    1.2021212484950876,
    1.1408323393233473,
    1.027836425200497,
    0.8002909535021885
  ]
}