{
  "capability_scores": {
    "0.0": 1.0,
    "0.5": 0.0,
    "1.0": 0.0,
    "2.0": 0.0,
    "3.0": 0.0,
    "5.0": 0.0
  },
  "bias_direction_alpha_0.5": [
    0.0,
    -0.15972879294682213,
    -0.3355089048132852,
    -0.2708335073191156,
    -0.098635510358557,
    -0.2986509566352309,
    -1.2796941222376657,
    -1.175508157546372,
    -1.3239871464517168,
    -1.8078830734986855,
    -2.8756737649420376,
    -2.967809225667207,
    -2.4296716490045793,
    -2.1761619854890513,
    -2.232272952702946,
    -2.4983615195582045,
    -2.0714250650618022,
    -1.6217616401115837,
    -1.0788674021625009,
    -1.363364335514578,
    -1.0394370496519816,
    -1.2342105001211436,
    -1.2112618168393467,
    -1.2445751299567138,
    -1.3400309686712777,
    -1.243088182688437,
    -1.1056225077311503,
    -0.9891727042568877,
    -0.9418569934329174,
    -0.8373076439041623,
    -0.691966597233454,
    -0.6205981608060995,
    -0.5829678978568567
  ],
  "bias_direction_alpha_1.0": [
    0.0,
    -0.15972879294682213,
    -0.3352954642991925,
    -0.2685996934457965,
    -0.11329940498258165,
    -0.32035437233807523,
    -1.3084000206646529,
    -1.2419689393237043,
    -1.33024519045201,
    -1.6961608763444969,
    -2.4399900170312714,
    -2.4873846383684577,
    -2.129409844017425,
    -1.8705594181773475,
    -1.924156966208736,
    -1.771081341361421,
    -1.2320189801245167,
    -0.9724476602902264,
    -0.7605315588690946,
    -0.9895582902735802,
    -0.8037736302060752,
    -0.8072738520392804,
    -0.6829409959358511,
    -0.6169583827058606,
    -0.5627828236704817,
    -0.49035541656313575,
    -0.422258780081086,
    -0.3776320165745598,
    -0.3400701208754917,
    -0.3147651633239056,
    -0.2748731925092895,
    -0.24708212032179366,
    -0.209575144448914
  ],
  "bias_direction_alpha_2.0": [
    0.0,
    -0.15972879294682213,
    -0.3346296704657771,
    -0.2672230556987465,
    -0.14067767107029602,
    -0.36798641139646937,
    -1.3146112405886998,
    -1.3032765974035814,
    -1.232817427555072,
    -1.346662790206193,
    -1.5138970855425051,
    -1.553655310132827,
    -1.4216067993486026,
    -1.325355860176266,
    -1.2418383409342983,
    -0.8985229441427508,
    -0.6203270984320385,
    -0.34650820867061166,
    -0.2615168185226174,
    -0.19730139516342654,
    -0.15606994940471441,
    -0.11992626091273442,
    -0.09048296851940321,
    -0.07820854190103091,
    -0.06275891327233266,
    -0.05410889910614643,
    -0.04350383141112442,
    -0.040733143902696,
    -0.03676466966524714,
    -0.032508959560499574,
    -0.029285555645037608,
    -0.025902695295020782,
    -0.023106896879449536
  ],
  "bias_direction_alpha_3.0": [
    0.0,
    -0.15972879294682213,
    -0.3342473090947788,
    -0.26691705202654337,
    -0.17126326569067096,
    -0.4110485675270453,
    -1.2497802866861258,
    -1.268952290939564,
    -1.0681342258391773,
    -0.9772053359931936,
    -0.8831325032661489,
    -0.8187337939468371,
    -0.7553726755684567,
    -0.668549422403508,
    -0.5404834360877986,
    -0.38006006718522656,
    -0.26920177277198587,
    -0.16859804466002198,
    -0.13184887935151868,
    -0.0893738825422504,
    -0.06707085136490672,
    -0.05005428887503214,
    -0.034066616075436,
    -0.02934402030271994,
    -0.02468492930941988,
    -0.02092787550017472,
    -0.018104665960581044,
    -0.016891764557915634,
    -0.015223724767578805,
    -0.013664954877981972,
    -0.012097790855521507,
    -0.01038432077498822,
    -0.008496400896642631
  ],
  "bias_direction_alpha_5.0": [
    0.0,
    -0.15972879294682213,
    -0.3324220683775635,
    -0.2627275741386814,
    -0.2228899771888287,
    -0.4736647863075527,
    -0.9918802892437096,
    -0.9810430799593497,
    -0.6497582809646365,
    -0.45905871502058576,
    -0.3109269208969547,
    -0.13751083853797583,
    -0.06903715932544134,
    -0.035758440200530386,
    -0.026656152474366035,
    -0.01270139526274483,
    0.0022407167973086174,
    0.0007447320186827033,
    -0.001875954449423789,
    0.0007247346380736652,
    0.0006818263048397388,
    0.00018336670182365067,
    0.0016680651239476707,
    0.0013072007480524062,
    0.0010596679642616736,
    0.001266365453066992,
    0.0010074944787266172,
    0.0011458566544620963,
    0.0006649155356487329,
    0.000990711449513501,
    0.00019829680969974395,
    0.0009166879187993609,
    0.0010095506917280229
  ],
  "bias_direction_alpha_0": [
    0.0,
    -0.15972879294682213,
    -0.3358126995959627,
    -0.26794519830832897,
    -0.08103543373029201,
    -0.2690221836939021,
    -1.228014124258907,
    -1.0837255990117725,
    -1.2651865388449584,
    -1.8295489037297283,
    -3.1417514336488948,
    -3.283203555814515,
    -2.5654115759779814,
    -2.4596461653872206,
    -2.358910443155534,
    -2.844703146925686,
    -3.2026609356032245,
    -2.1710967696161165,
    -1.3776437898632081,
    -0.5058385767005618,
    -0.7174595141672206,
    -0.10159026948938035,
    0.32509116857777587,
    0.6740625087820199,
    0.5807779421606319,
    0.5139313506181764,
    0.6597095686416005,
    0.47488327446202233,
    0.5020747789928975,
    0.05474664930158753,
    -0.05139864845798954,
    -0.1131423209347318,
    -0.24449936338484263
  ]
}