{
  "capability_scores": {
    "0.0": 0.0,
    "0.5": 0.0,
    "1.0": 0.0,
    "2.0": 0.0,
    "3.0": 0.0,
    "5.0": 0.0
  },
  "bias_direction_alpha_0.5": [
    0.0,
    0.10668605545105621,
    -0.2312344215205437,
    -0.0645609696528707,
    0.05977709522777781,
    -0.10244176336432745,
    0.08512084098385682,
    0.13142453752591,
    0.012185478718063792,
    0.16639726459929757,
    0.21052523717591248,
    0.1606305819154345,
    -0.3116861652573206,
    -0.6127842676346225,
    -0.43757644137410984,
    -0.9577875964511392,
    -1.1394734685950803,
    -1.7388784634484142,
    -2.2897275575717613,
    -2.5209816643655314,
    -2.471749685736442,
    -2.3372429785795155,
    -2.40405171631802,
    -2.300015570310372,
    -2.079919919867981,
    -2.0266673044180603,
    -1.7854170774198668,
    -1.5026873914073717,
    -1.5931036266602074
  ],
  "bias_direction_alpha_1.0": [
    0.0,
    0.10668605545105621,
    -0.23144910299636567,
    -0.06922495876463577,
    0.05203622115194086,
    -0.10773580123137502,
    0.06852773757779965,
    0.11207662512037561,
    -0.023266495940740838,
    0.13958228387155422,
    0.20905084983824124,
    0.2495908348410593,
    -0.03820169352564751,
    -0.3359986459582901,
    -0.3041328652653883,
    -0.6031267129054886,
    -0.7286583819891022,
    -1.0378337980506285,
    -1.3727831612096082,
    -1.352724075017529,
    -1.2277481716006275,
    -1.0513941779903988,
    -1.0001084407563723,
    -0.8810951272291317,
    -0.7650029096056556,
    -0.704035337786147,
    -0.6022434620529635,
    -0.5104584209135309,
    -0.48176441099336376
  ],
  "bias_direction_alpha_2.0": [
    0.0,
    0.10668605545105621,
    -0.23162660182191122,
    -0.07455429430545228,
    0.04100902648461657,
    -0.11964039656299867,
    0.031979129457323376,
    0.0627434674361174,
    -0.0998953136639578,
    0.05584041128544932,
    0.17199429205784772,
    0.3684642988614561,
    0.3579090487122718,
    0.1057451102344599,
    -0.061416458518606554,
    -0.07483653797518244,
    -0.19175718557751634,
    -0.20939724015686956,
    -0.2765956217356811,
    -0.2045357914179328,
    -0.1653812193861322,
    -0.12050376956665243,
    -0.09869746905363766,
    -0.07756693615908712,
    -0.06304067529297508,
    -0.05615029319969054,
    -0.04085041409319725,
    -0.03644418153463489,
    -0.027553308414647582
  ],
  "bias_direction_alpha_3.0": [
    0.0,
    0.10668605545105621,
    -0.2318191356063024,
    -0.07774847070450504,
    0.030759093354874346,
    -0.13037691890369701,
    0.0001390978268972276,
    0.005305339701665623,
    -0.17172250587878093,
    -0.04779338760111305,
    0.10300506041766617,
    0.2584823816249745,
    0.3707797217308341,
    0.23020652256041796,
    0.05940432410070624,
    0.10023445630287267,
    0.050479041246614995,
    0.04769967175118648,
    0.017317865673784284,
    0.02703577658321903,
    0.02253865173715832,
    0.026185438976654662,
    0.021176217366857132,
    0.018016176053495793,
    0.01426962678262005,
    0.012640234285224894,
    0.014106531387327138,
    0.012256268428042772,
    0.01295684778273648
  ],
  "bias_direction_alpha_5.0": [
    0.0,
    0.10668605545105621,
    -0.23217379395887755,
    -0.08587197201485397,
    0.005341425265833965,
    -0.14895157382317895,
    -0.05950843414775857,
    -0.12196637556006351,
    -0.2964161926854315,
    -0.2308421480867759,
    -0.05062161107530425,
    -0.09527458248981908,
    0.024900749964430348,
    0.09296956159739693,
    0.08896098419342105,
    0.0948936598234055,
    0.0652716263127437,
    0.05757650105668226,
    0.04538040795389762,
    0.037413493662172656,
    0.029316272979755652,
    0.024930845421409775,
    0.02066262072497719,
    0.016334037855594452,
    0.013351003546412398,
    0.011635303089780946,
    0.009839900627148696,
    0.009375003575530588,
    0.008590205181725652
  ],
  "bias_direction_alpha_0": [
    0.0,
    0.10668605545105621,
    -0.23113657456947986,
    -0.0648753461308444,
    0.0650383751066208,
    -0.09657195343870484,
    0.1023604275321528,
    0.14935067822509165,
    0.05012656456851836,
    0.18864276656986992,
    0.21285179286235464,
    0.09847506282084169,
    -0.5218235483536438,
    -0.8245758822929087,
    -0.5598559231821685,
    -1.0702809164306655,
    -1.410979500768443,
    -1.7881559400805607,
    -1.469483353139865,
    -1.3689378397495253,
    -1.2045949713434496,
    -1.2884916603438747,
    -1.5397972625836673,
    -1.5293527333833503,
    -1.754239624636017,
    -1.5187278985993935,
    -1.8274914638130675,
    -1.6464104233355628,
    -1.9766320146933574
  ]
}