{
  "capability_scores": {
    "0.0": 0.6,
    "0.5": 0.6,
    "1.0": 0.2,
    "2.0": 0.0,
    "3.0": 0.0,
    "5.0": 0.0
  },
  "bias_direction_alpha_0.5": [
    0.0,
    -0.1512367688855762,
    -0.0743745496078601,
    0.12562827964412734,
    0.27965309221957985,
    0.11428917692731702,
    -0.02983822101874196,
    0.2255835193036063,
    0.33841865714650493,
    0.3801818446557041,
    0.273737842736295,
    0.3074677301559802,
    0.46873914089990387,
    0.4359747486950047,
    -0.16749041759936034,
    -0.8152686014550172,
    -1.1086074661086092,
    -0.8627642198198826,
    -0.7852604996217458,
    -1.4251492260888263,
    -1.294185878669492,
    -1.8411275461793981,
    -1.7979633632733774,
    -1.7145183525591499,
    -1.4058931401404826,
    -1.3495390193034666,
    -1.1537777751132114,
    -0.8741937905729152,
    -0.7362114328866021
  ],
  "bias_direction_alpha_1.0": [
    0.0,
    -0.1512367688855762,
    -0.07477918990680879,
    0.11853711382730481,
    0.2872170506480618,
    0.11523387179813431,
    -0.031978156860914896,
    0.21309649203417838,
    0.3191246315098596,
    0.32780614613856807,
    0.24759397627355959,
    0.26409217148736663,
    0.4556080715573286,
    0.41727667181021316,
    -0.2570583398272978,
    -0.9856472839327728,
    -1.2695812613985242,
    -0.9647618520220353,
    -0.9319385945162182,
    -1.1293287233886506,
    -0.8769254238840537,
    -1.2052030591480514,
    -1.074919861450979,
    -0.9557342776019582,
    -1.1035747396588986,
    -0.925884437761539,
    -0.7779052765356969,
    -0.7516114256065138,
    -0.23360319770376564
  ],
  "bias_direction_alpha_2.0": [
    0.0,
    -0.1512367688855762,
    -0.0755915735588328,
    0.11200901164740822,
    0.2827158197347896,
    0.0983466059439074,
    -0.03444311480868638,
    0.19161564352589355,
    0.2661648011193659,
    0.23064029491279409,
    0.24269906599186353,
    0.18546467174272366,
    0.30402615235533703,
    0.27947291567100335,
    -0.3448839175822833,
    -1.0222617690358913,
    -1.2358265219448414,
    -0.9374489276175089,
    -0.9795355821019163,
    -1.0185048125308778,
    -0.9812894934255769,
    -0.9528134984339692,
    -0.7086353637982528,
    -0.6162405601053279,
    -0.5710096988277596,
    -0.5018715250145762,
    -0.4107954738279177,
    -0.36941628241177127,
    -0.33676341377098623
  ],
  "bias_direction_alpha_3.0": [
    0.0,
    -0.1512367688855762,
    -0.07617169097958225,
    0.10649542446232178,
    0.29785963688150857,
    0.09924161647961656,
    -0.019040442303169414,
    0.18067499888422525,
    0.22537604095665403,
    0.1599402287096984,
    0.2519106702183544,
    0.13647977159567404,
    0.10215564650028508,
    0.11117322507655096,
    -0.26050801488904085,
    -0.6259560700553994,
    -0.8563393955419079,
    -0.6995001429323914,
    -0.749080749075795,
    -0.8124056881709366,
    -0.6906574849286143,
    -0.5834539080405607,
    -0.413692860011236,
    -0.32878704466498876,
    -0.23086290592184217,
    -0.18179591742686513,
    -0.14167018965909745,
    -0.11479640988814636,
    -0.10708327389405117
  ],
  "bias_direction_alpha_5.0": [
    0.0,
    -0.1512367688855762,
    -0.07691138929403243,
    0.0877902318818653,
    0.2857205962939031,
    0.07201894544577145,
    -0.003975509963700397,
    0.16052280664081514,
    0.16503380576696927,
    0.06599833148700025,
    0.21783276774449423,
    0.13183612742792886,
    0.010141042762298724,
    0.12198652672643409,
    0.13802132630465902,
    0.12171794860058202,
    0.05866171323831191,
    0.09423761380859874,
    0.054188262423313385,
    -0.019815524180334786,
    -0.0665074714423759,
    -0.05673529002562141,
    -0.04100321940635334,
    -0.03153401858763614,
    -0.01617294420972861,
    -0.012451862195866558,
    -0.007498496931720644,
    -0.006953321127915191,
    -0.005559640358399143
  ],
  "bias_direction_alpha_0": [
    0.0,
    -0.1512367688855762,
    -0.07390052240577027,
    0.12693545447429672,
    0.2737349799584231,
    0.11211501478638901,
    -0.03584525204694291,
    0.22404873936517128,
    0.34539369987316315,
    0.41743103710274365,
    0.2979229175400876,
    0.3322636432946554,
    0.43963852365859124,
    0.40650451746508265,
    -0.09388469872185841,
    -0.6018484534563162,
    -0.8317866385345788,
    -0.6871442616156115,
    -0.6334308302831717,
    -1.681219656243556,
    -2.179741795102355,
    -2.3048224319361448,
    -1.6572851915827918,
    -1.7025606577747507,
    -1.6986145603841607,
    -1.3631932819225654,
    -0.5185723262796376,
    -0.12177062267539825,
    -1.157800070504652
  ]
}