{
  "capability_scores": {
    "0.0": 0.8,
    "0.5": 1.0,
    "1.0": 1.0,
    "2.0": 0.0,
    "3.0": 0.0,
    "5.0": 0.0
  },
  "bias_direction_alpha_0.5": [
    0.0,
    0.027830637062580176,
    -0.023067416603201794,
    0.15622934399574762,
    -0.42652957244951367,
    -0.5957731630559574,
    -0.32671211158366537,
    -0.4804719728573924,
    -0.45384529621617437,
    -0.4203916985481161,
    -0.3663842786427428,
    -0.22613133828473275,
    -0.34712085769127954,
    -0.24054867346376466,
    -0.007207088133187689,
    0.049059405707103834,
    0.04367133905630425,
    -0.005503813781821876,
    -0.05104951510117104,
    0.09035415702860856,
    0.00018499159756011352,
    -1.064002550766705,
    -1.2405291058395933,
    -0.9353176219890331,
    -1.0108235310032956,
    -1.0747368341623473,
    -0.8733280271641386,
    -0.7357310186026547,
    -0.8666342859870289
  ],
  "bias_direction_alpha_1.0": [
    0.0,
    0.027830637062580176,
    -0.023016541243407573,
    0.15700127882998105,
    -0.4401630701646445,
    -0.6067761306840042,
    -0.33264826808567766,
    -0.5021320007381428,
    -0.4738210392976261,
    -0.4325936987679935,
    -0.39439757144534415,
    -0.2492628078519096,
    -0.36797088093206937,
    -0.25512585836766355,
    -0.025039742098902716,
    0.004627488534796509,
    0.05153630561946976,
    0.0836147262097489,
    0.035724848596386846,
    0.17823870819001542,
    0.043985160523896207,
    -0.8619627648232404,
    -1.174365018001381,
    -0.9042473042299886,
    -0.9542305092898522,
    -0.9431267233744627,
    -0.7338548571262911,
    -0.6351923235015633,
    -0.701187469301501
  ],
  "bias_direction_alpha_2.0": [
    0.0,
    0.027830637062580176,
    -0.02301049558591526,
    0.15262480755030702,
    -0.4655300545651401,
    -0.6274734320670076,
    -0.3469251862062116,
    -0.4947900246016603,
    -0.4597614700531592,
    -0.36963608139529897,
    -0.32633759974501253,
    -0.3043760145988855,
    -0.41900589983895004,
    -0.28041418843235794,
    -0.0716600712679372,
    0.0022602856863483288,
    0.03743745137408281,
    0.04061233203445802,
    0.06719409726261319,
    0.1758736654736861,
    0.04676986894668493,
    -0.3144812821683063,
    -0.3780228467006543,
    -0.20175949551652392,
    -0.2297747176223332,
    -0.2196970294506846,
    -0.13517947539399094,
    -0.13451539078411479,
    -0.13164174755603275
  ],
  "bias_direction_alpha_3.0": [
    0.0,
    0.027830637062580176,
    -0.023162507436477763,
    0.15204716317085182,
    -0.4787838919921167,
    -0.6311047599263945,
    -0.3510278325882907,
    -0.4447937704488229,
    -0.44451002672152856,
    -0.28701908823570765,
    -0.23810233137621878,
    -0.3599827414388644,
    -0.4708291141504021,
    -0.4089550303047635,
    -0.24020335951982058,
    -0.13081070073177115,
    -0.09217198434701564,
    -0.15276567737136082,
    -0.11802132026957937,
    -0.08113887496004732,
    -0.1370137129759305,
    -0.1767353708308737,
    -0.10269381847738587,
    0.01450803221005712,
    -0.033254698306686946,
    -0.05983649561686759,
    -0.007691814446189093,
    -0.03085954053951041,
    -0.05796946942856414
  ],
  "bias_direction_alpha_5.0": [
    0.0,
    0.027830637062580176,
    -0.02329940965314172,
    0.1413722538736521,
    -0.5143746684307633,
    -0.6511036027212583,
    -0.3881162647307999,
    -0.34702960056324905,
    -0.43849457150012566,
    -0.33944372066635886,
    -0.29481888199897144,
    -0.28459574370204566,
    -0.3336145430742429,
    -0.32468860517734066,
    -0.21525744740803576,
    -0.18639956648072492,
    -0.14730261774081468,
    -0.14123633679478287,
    -0.1508419516895822,
    -0.18974960009472625,
    -0.14288695359798903,
    -0.19392509557108348,
    -0.1396386700637843,
    -0.06702477436309437,
    -0.09992275355296218,
    -0.12231373598945412,
    -0.0947441481268065,
    -0.07059995741615417,
    -0.09411965608469328
  ],
  "bias_direction_alpha_0": [
    0.0,
    0.027830637062580176,
    -0.023016282515872,
    0.15700019131828774,
    -0.414132819170628,
    -0.5824625365022393,
    -0.32474800019904854,
    -0.46155365219104605,
    -0.43755611840253367,
    -0.39957755889661495,
    -0.3192377109769172,
    -0.22125598197817292,
    -0.3324696170602223,
    -0.21007810894293363,
    0.013845710103664467,
    0.08983668193389213,
    0.024295443681260485,
    -0.11861877095866724,
    -0.11041973790771883,
    -0.007729664433273697,
    -0.003425422828478286,
    -1.0402719241212455,
    -0.9482749779458836,
    -0.6907700592801413,
    -0.7046694740690203,
    -0.7018108714560961,
    -0.6362070131274147,
    -0.43432790250437936,
    -0.5243350929211781
  ]
}